,date,SBID,obs_freq,project,flux_int,flux_int_err,local_rms,forced_flux_int_I,forced_flux_int_I_err,stokes_I_fits,forced_flux_int_V,forced_flux_int_V_err,stokes_V_fits,psf_bmin,psf_bmaj,psf_bpa
7,2020-06-21 15:22:59.534,14980,887.491,RACS,,,1.088991782935701,2.93707704404449,1.8503800089902802,data/ASKAPJ1839-0756 /img_Stokes_I/cutout-1653089-imagecube-28301.fits,,,,0.00367862836927259,0.00320584084971612,81.8946377332692
116,2020-06-21 15:39:34.862,14981,887.491,RACS,,,0.3446873417687904,-0.628568385363522,0.5724193215195202,data/ASKAPJ1839-0756 /img_Stokes_I/cutout-1653091-imagecube-28283.fits,,,,0.00374147474427335,0.0032172472881765,83.2631471995455
35,2021-01-29 02:36:47.800,22155,1367.49,RACS,,,0.20822956943891824,0.32689558890029985,0.3371231764623272,data/ASKAPJ1839-0756 /img_Stokes_I/cutout-1653093-imagecube-98964.fits,-0.13082117688047726,0.263168935745886,data/ASKAPJ1839-0756 /img_Stokes_V/cutout-1653241-imagecube-98976.fits,0.00252777777777778,0.00205555555555556,73.31
158,2022-02-05 02:29:18.700,37154,1655.49,RACS,,,0.23040401021741766,-0.10809034917077555,0.39764495744625655,data/ASKAPJ1839-0756 /img_Stokes_I/cutout-1653094-imagecube-355074.fits,-0.26335050062111764,0.3489507356956508,data/ASKAPJ1839-0756 /img_Stokes_V/cutout-1653243-imagecube-355086.fits,0.0025,0.00166666666666667,-59.65
164,2022-04-06 20:56:15.200,39028,887.491,RACS,,,1.0736924651969568,0.907322005915175,1.8066366350697993,data/ASKAPJ1839-0756 /img_Stokes_I/cutout-1653095-imagecube-412677.fits,1.0286363081424954,1.3181620767423001,data/ASKAPJ1839-0756 /img_Stokes_V/cutout-1653245-imagecube-412689.fits,0.00363888888888889,0.00322222222222222,74.51
34,2022-04-06 21:16:23.800,39029,887.491,RACS,,,0.3605945825403323,0.2860832010439984,0.6121481036176278,data/ASKAPJ1839-0756 /img_Stokes_I/cutout-1653096-imagecube-412437.fits,0.17557908520988103,0.4076784149325448,data/ASKAPJ1839-0756 /img_Stokes_V/cutout-1653249-imagecube-412449.fits,0.00366666666666667,0.00322222222222222,75.45
103,2022-09-03 07:37:08.400,43636,1367.49,pilot_science_too_guest,,,0.11093368433178233,-0.01684162728364422,0.16458290970457407,data/ASKAPJ1839-0756 /img_Stokes_I/cutout-1653097-imagecube-73549.fits,-0.056733174166094684,0.1422879080864984,data/ASKAPJ1839-0756 /img_Stokes_V/cutout-1653253-imagecube-73581.fits,0.00275,0.00225,-87.39
58,2022-09-14 07:34:03.800,44023,1367.49,pilot_science_too_guest,,,0.11903654809495114,0.049248370433759854,0.19088559914773334,data/ASKAPJ1839-0756 /img_Stokes_I/cutout-1653098-imagecube-73907.fits,-0.1429684525270277,0.15870545684862974,data/ASKAPJ1839-0756 /img_Stokes_V/cutout-1653254-imagecube-73941.fits,0.00244444444444444,0.00216666666666667,62.32
117,2023-02-04 03:20:07.700,47634,887.491,pilot_science_too_guest,,,0.17569404250412377,-0.45126128918917113,0.28071802210640506,data/ASKAPJ1839-0756 /img_Stokes_I/cutout-1652979-imagecube-121275.fits,-0.08935995703467857,0.18081529805870067,data/ASKAPJ1839-0756 /img_Stokes_V/cutout-1653214-imagecube-121285.fits,0.00383666267351,0.00319821957912017,88.2993895374986
124,2023-02-04 05:25:02.500,47636,887.491,pilot_science_too_guest,,,0.19191880173776654,0.9213546952807942,0.41091955380905204,data/ASKAPJ1839-0756 /img_Stokes_I/cutout-1652981-imagecube-121443.fits,0.2771807996120929,0.23266937783229397,data/ASKAPJ1839-0756 /img_Stokes_V/cutout-1653215-imagecube-121451.fits,0.00606768981260811,0.00309439508315139,-70.3871646992722
101,2023-02-24 19:44:31.800,48586,887.491,pilot_science_too_guest,,,0.09990816786995128,0.04407022477236015,0.1626468643505923,data/ASKAPJ1839-0756 /img_Stokes_I/cutout-1653071-imagecube-126757.fits,-0.24381174245822357,0.10611517139351365,data/ASKAPJ1839-0756 /img_Stokes_V/cutout-1653219-imagecube-126771.fits,0.00383333333333333,0.00308333333333333,58.81
87,2024-01-03 04:49:27.200,56614,943.491,RACS,,,0.2910259719241227,-0.13890931602480244,0.43402443486204895,data/ASKAPJ1839-0756 /img_Stokes_I/cutout-1653104-imagecube-245134.fits,-0.09771011277127245,0.2925169857472769,data/ASKAPJ1839-0756 /img_Stokes_V/cutout-1653144-imagecube-245146.fits,0.00344444444444444,0.00288888888888889,76.33
66,2024-01-04 04:42:06.400,56677,943.491,RACS,,,1.58646224018728,4.259923924991609,2.841007412230556,data/ASKAPJ1839-0756 /img_Stokes_I/cutout-1653105-imagecube-246882.fits,-0.2816311197025964,2.128315522488221,data/ASKAPJ1839-0756 /img_Stokes_V/cutout-1653147-imagecube-246894.fits,0.00358333333333333,0.00288888888888889,76.47
154,2024-01-26 03:13:14.900,57929,943.491,RACS,262.72698974609375,1.3580000400543213,0.8109999895095825,227.6743502183785,1.1854562937895339,data/ASKAPJ1839-0756 /img_Stokes_I/cutout-1653106-imagecube-273124.fits,90.66791331049579,0.5023575412376629,data/ASKAPJ1839-0756 /img_Stokes_V/cutout-1653150-imagecube-273136.fits,0.00347222222222222,0.00294444444444444,78.28
18,2024-01-27 02:50:57.400,58009,943.491,RACS,,,1.452645464741858,0.9133694257969149,2.5847675431183226,data/ASKAPJ1839-0756 /img_Stokes_I/cutout-1653107-imagecube-274062.fits,0.7497601315398711,2.0005316495795897,data/ASKAPJ1839-0756 /img_Stokes_V/cutout-1653154-imagecube-274074.fits,0.00352777777777778,0.00297222222222222,77.37
11,2024-02-01 02:49:45.600,58387,943.491,pilot_science_too_guest,4.584000110626221,0.27300000190734863,0.16099999845027924,4.046799075816828,0.28613918181105846,data/ASKAPJ1839-0756 /img_Stokes_I/cutout-1653108-imagecube-276508.fits,1.3525052469687222,0.1684620783234457,data/ASKAPJ1839-0756 /img_Stokes_V/cutout-1653157-imagecube-276516.fits,0.00446750325582685,0.00296798354206603,-52.1124169700134
148,2024-02-03 21:08:17.100,58609,943.491,pilot_science_too_guest,25.94499969482422,1.2100000381469727,0.6880000233650208,24.74052902276782,0.6416507617745663,data/ASKAPJ1839-0756 /img_Stokes_I/cutout-1653109-imagecube-276562.fits,0.7080853045312574,0.14162107388175363,data/ASKAPJ1839-0756 /img_Stokes_V/cutout-1653161-imagecube-276576.fits,0.00411111111111111,0.00308333333333333,-65.84
113,2024-02-06 20:59:41.600,58753,943.491,pilot_science_too_guest,19.864999771118164,0.6919999718666077,0.4169999957084656,18.422858882906073,0.33300823412705904,data/ASKAPJ1839-0756 /img_Stokes_I/cutout-1653110-imagecube-277638.fits,0.1955953179416131,0.07364961404754808,data/ASKAPJ1839-0756 /img_Stokes_V/cutout-1653164-imagecube-277646.fits,0.00330157193560578,0.00284132475565562,71.8947778964393
130,2024-02-12 02:01:18.500,59067,943.491,RACS,,,0.314310145477576,1.0684315016272916,0.47225981061737915,data/ASKAPJ1839-0756 /img_Stokes_I/cutout-1652941-imagecube-281512.fits,-0.3034718583638507,0.30482093190403126,data/ASKAPJ1839-0756 /img_Stokes_V/cutout-1653169-imagecube-281524.fits,0.00336111111111111,0.00291666666666667,83.33
31,2024-02-29 02:50:25.200,59605,943.491,pilot_science_too_guest,11.11299991607666,0.34299999475479126,0.19900000095367432,10.764487366510194,0.3569131054716066,data/ASKAPJ1839-0756 /img_Stokes_I/cutout-1652942-imagecube-294258.fits,5.612237385735347,0.20920228378430264,data/ASKAPJ1839-0756 /img_Stokes_V/cutout-1653173-imagecube-294272.fits,0.00463888888888889,0.00313888888888889,-75.49
125,2024-03-01 21:36:42.300,59659,943.491,pilot_science_too_guest,,,0.1550572081209084,0.14755319232418238,0.25719666153040954,data/ASKAPJ1839-0756 /img_Stokes_I/cutout-1652943-imagecube-294346.fits,-0.12187864454514674,0.1601530237837922,data/ASKAPJ1839-0756 /img_Stokes_V/cutout-1653231-imagecube-294356.fits,0.0035974514212376,0.00305471021936222,71.8364656758516
120,2024-03-15 18:19:26.400,60091,943.491,pilot_science_too_guest,29.500999450683594,0.5929999947547913,0.3799999952316284,27.31998204259052,0.41714147976492044,data/ASKAPJ1839-0756 /img_Stokes_I/cutout-1652944-imagecube-301797.fits,-1.2711604501201508,0.11469630546881916,data/ASKAPJ1839-0756 /img_Stokes_V/cutout-1653232-imagecube-301805.fits,0.00336579733471494,0.00283883935850376,71.6203527525487
107,2024-04-04 22:05:14.200,60804,887.491,VAST,,,1.2799416032296578,2.3376204770527154,2.156092930223289,data/ASKAPJ1839-0756 /img_Stokes_I/cutout-1652945-imagecube-319141.fits,0.18398682299218516,1.5987357455357847,data/ASKAPJ1839-0756 /img_Stokes_V/cutout-1653233-imagecube-319169.fits,0.00369444444444445,0.00316666666666667,75.8
73,2024-04-05 21:11:30.900,60866,887.491,VAST,,,0.4010727425285785,-0.898195576909101,0.6842237271627382,data/ASKAPJ1839-0756 /img_Stokes_I/cutout-1652946-imagecube-319609.fits,-0.16969032622475516,0.46256901671707057,data/ASKAPJ1839-0756 /img_Stokes_V/cutout-1653234-imagecube-319637.fits,0.00369444444444445,0.00316666666666667,81.47
134,2024-04-19 20:30:49.000,61307,887.491,VAST,,,1.26006931488837,-0.2924203108176565,2.1376145840930056,data/ASKAPJ1839-0756 /img_Stokes_I/cutout-1652948-imagecube-322561.fits,0.13201555507132778,1.6030262355467588,data/ASKAPJ1839-0756 /img_Stokes_V/cutout-1653236-imagecube-322589.fits,0.00361111111111111,0.00319444444444445,73.24
144,2024-04-19 21:15:26.400,61310,887.491,VAST,,,0.3859483505542266,-0.08942783894666968,0.6580313033012496,data/ASKAPJ1839-0756 /img_Stokes_I/cutout-1652949-imagecube-322705.fits,-0.13512135555045457,0.4261741694578988,data/ASKAPJ1839-0756 /img_Stokes_V/cutout-1653237-imagecube-322733.fits,0.00366666666666667,0.00319444444444445,74.49
13,2024-05-03 20:51:23.200,62030,887.491,VAST,,,1.8795037155225893,1.3785241310908927,3.0486871773171678,data/ASKAPJ1839-0756 /img_Stokes_I/cutout-1652951-imagecube-335354.fits,-0.01429532719022415,1.8989232631734876,data/ASKAPJ1839-0756 /img_Stokes_V/cutout-1653247-imagecube-335382.fits,0.00405555555555556,0.00311111111111111,78.3
137,2024-05-03 21:31:42.000,62032,887.491,VAST,26.729000091552734,1.0520000457763672,0.6060000061988831,25.141444059891697,1.1090324232516082,data/ASKAPJ1839-0756 /img_Stokes_I/cutout-1652952-imagecube-335390.fits,5.289386093126019,0.543525258897743,data/ASKAPJ1839-0756 /img_Stokes_V/cutout-1653251-imagecube-335418.fits,0.00427777777777778,0.00311111111111111,79.45
59,2024-05-19 19:20:22.300,62473,887.491,VAST,,,1.416632941635832,2.8644142196517803,2.380855542820764,data/ASKAPJ1839-0756 /img_Stokes_I/cutout-1652954-imagecube-343830.fits,1.0057439296015118,1.7848435897195885,data/ASKAPJ1839-0756 /img_Stokes_V/cutout-1653151-imagecube-343858.fits,0.00377777777777778,0.00311111111111111,74.88
168,2024-05-20 17:29:41.600,62488,887.491,VAST,,,0.42152143567508055,0.4277807420286861,0.6712708810403867,data/ASKAPJ1839-0756 /img_Stokes_I/cutout-1652955-imagecube-345136.fits,0.09279728580516725,0.43149256708681516,data/ASKAPJ1839-0756 /img_Stokes_V/cutout-1653152-imagecube-345164.fits,0.00416666666666667,0.00322222222222222,86.44
108,2024-06-07 16:37:06.700,62646,887.491,VAST,116.8499984741211,2.757999897003174,1.7000000476837158,107.69866605937113,3.0016309237565646,data/ASKAPJ1839-0756 /img_Stokes_I/cutout-1652957-imagecube-365030.fits,38.08676312389621,2.069682842074369,data/ASKAPJ1839-0756 /img_Stokes_V/cutout-1653158-imagecube-365058.fits,0.00369444444444445,0.00311111111111111,78.62
123,2024-06-07 17:31:21.400,62650,887.491,VAST,,,0.4856466042987701,-0.5901732596250445,0.8597501906923101,data/ASKAPJ1839-0756 /img_Stokes_I/cutout-1652959-imagecube-365294.fits,0.6787740315983244,0.5752583229861608,data/ASKAPJ1839-0756 /img_Stokes_V/cutout-1653163-imagecube-365322.fits,0.00355555555555556,0.00305555555555556,71.17
88,2024-06-22 16:43:24.200,63209,887.491,VAST,,,1.335835710475468,-0.8261321529851302,2.2687279015185458,data/ASKAPJ1839-0756 /img_Stokes_I/cutout-1652961-imagecube-375522.fits,-0.7866809760134587,1.7425018376553385,data/ASKAPJ1839-0756 /img_Stokes_V/cutout-1653167-imagecube-375550.fits,0.00366666666666667,0.00313888888888889,72.45
110,2024-06-23 15:43:10.800,63236,887.491,VAST,,,0.4409247053043559,0.362498446013671,0.7357944443675171,data/ASKAPJ1839-0756 /img_Stokes_I/cutout-1653001-imagecube-376176.fits,-0.08263022015768053,0.47018469158150583,data/ASKAPJ1839-0756 /img_Stokes_V/cutout-1653172-imagecube-376204.fits,0.00386111111111111,0.00316666666666667,81.95
54,2024-06-26 11:47:06.700,63296,943.491,pilot_science_too_guest,3.7300000190734863,0.1899999976158142,0.13199999928474426,3.088834267044831,0.21919382321133726,data/ASKAPJ1839-0756 /img_Stokes_I/cutout-1653002-imagecube-377346.fits,0.5189096778970702,0.11400085527276613,data/ASKAPJ1839-0756 /img_Stokes_V/cutout-1653175-imagecube-377356.fits,0.00419682975140211,0.00289402603957627,65.2715342860724
36,2024-07-06 16:48:06.300,63498,887.491,VAST,,,1.4777340689228604,1.339879997180336,2.790216976502065,data/ASKAPJ1839-0756 /img_Stokes_I/cutout-1653003-imagecube-381076.fits,-1.0408060332182099,2.032460726248783,data/ASKAPJ1839-0756 /img_Stokes_V/cutout-1653261-imagecube-381104.fits,0.00422222222222222,0.00316666666666667,79.55
127,2024-07-12 16:43:13.700,63606,887.491,VAST,,,0.4275299217411802,-1.154713323500274,0.6890865102379573,data/ASKAPJ1839-0756 /img_Stokes_I/cutout-1653005-imagecube-383350.fits,-0.3262865403684358,0.4416502703887538,data/ASKAPJ1839-0756 /img_Stokes_V/cutout-1653263-imagecube-383378.fits,0.00413888888888889,0.00316666666666667,79.25
8,2024-07-21 13:01:21.900,64113,887.491,VAST,,,1.7832322452054805,0.45030093588570297,3.955329959205757,data/ASKAPJ1839-0756 /img_Stokes_I/cutout-1653006-imagecube-384682.fits,-1.7712121350919074,2.7449230922562275,data/ASKAPJ1839-0756 /img_Stokes_V/cutout-1653264-imagecube-384710.fits,0.00558333333333333,0.00308333333333333,66.22
93,2024-07-30 09:33:19.900,64280,943.491,pilot_science_too_guest,0.38199999928474426,0.14800000190734863,0.07500000298023224,0.3031968809906005,0.11554107972193718,data/ASKAPJ1839-0756 /img_Stokes_I/cutout-1653007-imagecube-385912.fits,-0.02372808435393426,0.08203713847277062,data/ASKAPJ1839-0756 /img_Stokes_V/cutout-1653265-imagecube-385922.fits,0.00330845807357114,0.00284342243658335,80.6247184107728
26,2024-08-02 09:30:56.800,64328,943.491,pilot_science_too_guest,2.2980000972747803,0.15299999713897705,0.08699999749660492,2.1932695012808177,0.1411920588499949,data/ASKAPJ1839-0756 /img_Stokes_I/cutout-1653008-imagecube-386744.fits,0.3214592908095473,0.06206316038799838,data/ASKAPJ1839-0756 /img_Stokes_V/cutout-1653266-imagecube-386758.fits,0.00344444444444444,0.00294444444444444,74.52
41,2024-08-03 09:01:55.400,64345,943.491,pilot_science_too_guest,2.609999895095825,0.11999999731779099,0.07999999821186066,2.260378443391979,0.133979644597758,data/ASKAPJ1839-0756 /img_Stokes_I/cutout-1653009-imagecube-386726.fits,0.16976982409534197,0.06676638937082786,data/ASKAPJ1839-0756 /img_Stokes_V/cutout-1653267-imagecube-386736.fits,0.00339286931746847,0.00285733691948094,68.7558817875388
129,2024-08-13 13:07:37.700,64733,887.491,VAST,,,0.39914367095256315,-1.2820755036190659,0.6948672039943289,data/ASKAPJ1839-0756 /img_Stokes_I/cutout-1653041-imagecube-389384.fits,0.44483834405437256,0.5027345731602402,data/ASKAPJ1839-0756 /img_Stokes_V/cutout-1653269-imagecube-389412.fits,0.00361111111111111,0.00311111111111111,71.95
85,2024-08-13 14:23:34.800,64737,887.491,VAST,,,1.403584771800303,-0.983094250533814,2.6770045299890786,data/ASKAPJ1839-0756 /img_Stokes_I/cutout-1653042-imagecube-389924.fits,-0.8910804652921205,2.1894754347255403,data/ASKAPJ1839-0756 /img_Stokes_V/cutout-1653270-imagecube-389952.fits,0.00425,0.00308333333333333,78.84
102,2024-09-04 12:13:21.200,65624,887.491,VAST,,,1.4143190804153745,3.2222958390495937,2.3769743002065256,data/ASKAPJ1839-0756 /img_Stokes_I/cutout-1653043-imagecube-407658.fits,-1.2344744630960212,1.7834290118879432,data/ASKAPJ1839-0756 /img_Stokes_V/cutout-1653131-imagecube-407686.fits,0.00377777777777778,0.00311111111111111,75.43
163,2024-09-04 13:13:24.300,65628,887.491,VAST,,,0.43735982769825504,-0.9768430378003317,0.7111964049145373,data/ASKAPJ1839-0756 /img_Stokes_I/cutout-1653044-imagecube-407514.fits,-0.057490783355931815,0.4635872311225586,data/ASKAPJ1839-0756 /img_Stokes_V/cutout-1653132-imagecube-407542.fits,0.00413888888888889,0.00311111111111111,79.02
98,2024-09-20 12:00:44.400,65924,887.491,VAST,,,0.39151775086114265,0.3139367145315124,0.6453736539720282,data/ASKAPJ1839-0756 /img_Stokes_I/cutout-1653046-imagecube-411235.fits,-0.615800007916173,0.4599045046877227,data/ASKAPJ1839-0756 /img_Stokes_V/cutout-1653134-imagecube-411263.fits,0.00402777777777778,0.00311111111111111,78.0
9,2024-09-28 09:38:21.000,66123,887.491,VAST,,,1.3630953865825661,-3.567260333863595,2.304848727151025,data/ASKAPJ1839-0756 /img_Stokes_I/cutout-1653047-imagecube-413253.fits,-0.6038614708154139,1.7951139581170164,data/ASKAPJ1839-0756 /img_Stokes_V/cutout-1653135-imagecube-413281.fits,0.00366666666666667,0.00316666666666667,71.97
49,2024-10-18 10:31:37.700,66744,887.491,VAST,,,0.39045100156923623,-2.1386398870683023,0.7268058740847119,data/ASKAPJ1839-0756 /img_Stokes_I/cutout-1653049-imagecube-426405.fits,0.08517127179754448,0.5010163376232518,data/ASKAPJ1839-0756 /img_Stokes_V/cutout-1653137-imagecube-426433.fits,0.00430555555555556,0.00316666666666667,80.14
146,2024-10-23 08:24:39.000,67012,887.491,VAST,,,1.1816419464933248,-3.7631993617656874,1.9969026672339418,data/ASKAPJ1839-0756 /img_Stokes_I/cutout-1653050-imagecube-429295.fits,0.7920717712033402,1.545143249776253,data/ASKAPJ1839-0756 /img_Stokes_V/cutout-1653138-imagecube-429323.fits,0.00363888888888889,0.00319444444444445,73.61
64,2024-11-09 03:22:20.500,67737,943.491,pilot_science_too_guest,0.5619999766349792,0.13899999856948853,0.08799999952316284,0.46883418768226776,0.1479598833008081,data/ASKAPJ1839-0756 /img_Stokes_I/cutout-1652960-imagecube-439169.fits,0.08038575160044518,0.05290475200127523,data/ASKAPJ1839-0756 /img_Stokes_V/cutout-1653140-imagecube-439179.fits,0.0032970922786329,0.0028908884846534,76.6143647834382
122,2024-11-13 08:08:39.600,67936,887.491,VAST,,,0.47001186881032986,0.005452990575778665,0.9164667859908346,data/ASKAPJ1839-0756 /img_Stokes_I/cutout-1652962-imagecube-440531.fits,-0.09486043112267624,0.6071725356204601,data/ASKAPJ1839-0756 /img_Stokes_V/cutout-1653201-imagecube-440559.fits,0.00552777777777778,0.00313888888888889,-64.14
165,2024-11-14 07:51:48.100,67982,1367.49,RACS,,,0.22543789210966442,-0.5886247066525017,0.3751183761372653,data/ASKAPJ1839-0756 /img_Stokes_I/cutout-1652964-imagecube-537846.fits,0.08215683121425736,0.3302028390187333,data/ASKAPJ1839-0756 /img_Stokes_V/cutout-1653202-imagecube-537858.fits,0.00236111111111111,0.00208333333333333,70.18
43,2025-05-02 16:02:03.500,73422,887.491,GSP,2.4830000400543213,0.4359999895095825,0.2630000114440918,2.1364291044835206,0.6514369022244219,data/ASKAPJ1839-0756 /img_Stokes_I/cutout-1652968-imagecube-483986.fits,0.47619886666686806,0.34025283665517697,data/ASKAPJ1839-0756 /img_Stokes_V/cutout-1653206-imagecube-484014.fits,0.00652777777777778,0.00325,65.18
121,2025-05-16 15:27:17.300,73824,1367.49,GSP,,,0.1751724318417959,0.5117471111399179,0.34796272681178086,data/ASKAPJ1839-0756 /img_Stokes_I/cutout-1652969-imagecube-485156.fits,0.034309117279119034,0.27767012579927636,data/ASKAPJ1839-0756 /img_Stokes_V/cutout-1653207-imagecube-485184.fits,0.00383333333333333,0.00216666666666667,69.13
21,2025-05-19 20:50:37.400,74078,887.491,GSP,5.122000217437744,0.6129999756813049,0.39899998903274536,4.142437528100281,0.7330933653353399,data/ASKAPJ1839-0756 /img_Stokes_I/cutout-1652970-imagecube-485192.fits,1.075741233921674,0.36219606846599983,data/ASKAPJ1839-0756 /img_Stokes_V/cutout-1653208-imagecube-485220.fits,0.00541666666666667,0.00316666666666667,80.46
169,2025-05-21 17:59:44.900,74155,1367.49,GSP,1.937000036239624,0.2549999952316284,0.16099999845027924,1.581954478253509,0.2400970965237511,data/ASKAPJ1839-0756 /img_Stokes_I/cutout-1652991-imagecube-485228.fits,0.24467207343684458,0.20536437508019786,data/ASKAPJ1839-0756 /img_Stokes_V/cutout-1653209-imagecube-485256.fits,0.00230555555555556,0.00208333333333333,73.55
68,2025-05-26 20:32:23.300,74207,943.491,GSP,2.1010000705718994,0.45399999618530273,0.28200000524520874,2.212357473805443,0.5339018681414376,data/ASKAPJ1839-0756 /img_Stokes_I/cutout-1652992-imagecube-485264.fits,0.17443517395374455,0.29929491272946274,data/ASKAPJ1839-0756 /img_Stokes_V/cutout-1653210-imagecube-485292.fits,0.00458333333333333,0.00291666666666667,-86.57
33,2025-06-09 13:30:45.700,74356,887.491,GSP,,,0.2761324685175674,-0.4883279096814608,0.6210589417072974,data/ASKAPJ1839-0756 /img_Stokes_I/cutout-1652993-imagecube-490444.fits,-0.11518622869682098,0.36462394838459444,data/ASKAPJ1839-0756 /img_Stokes_V/cutout-1653238-imagecube-490472.fits,0.00652777777777778,0.00322222222222222,64.87
111,2025-06-13 14:15:41.000,74438,943.491,GSP,,,0.21989137700165945,-0.3013805619422404,0.39325302497138254,data/ASKAPJ1839-0756 /img_Stokes_I/cutout-1652994-imagecube-491428.fits,-0.21173752955225789,0.2415817684465137,data/ASKAPJ1839-0756 /img_Stokes_V/cutout-1653240-imagecube-491456.fits,0.00466666666666667,0.00322222222222222,74.51
112,2025-06-14 16:03:44.500,74453,943.491,GSP,,,0.21541273167699418,-0.10947358811311207,0.29697602076874186,data/ASKAPJ1839-0756 /img_Stokes_I/cutout-1652995-imagecube-491800.fits,0.00477514149262668,0.17517898867219014,data/ASKAPJ1839-0756 /img_Stokes_V/cutout-1653242-imagecube-491828.fits,0.00344444444444444,0.00305555555555556,72.83
56,2025-07-24 10:44:49.700,75009,887.491,GSP,,,0.2608687228614705,-0.12891246406214893,0.5329423835788201,data/ASKAPJ1839-0756 /img_Stokes_I/cutout-1652996-imagecube-510812.fits,0.13657274541202166,0.29657232707005876,data/ASKAPJ1839-0756 /img_Stokes_V/cutout-1653244-imagecube-510840.fits,0.00622222222222222,0.00327777777777778,65.31
25,2025-07-25 12:33:54.500,75057,943.491,GSP,,,0.19173345178633736,-0.47139402484563825,0.31473454193312406,data/ASKAPJ1839-0756 /img_Stokes_I/cutout-1652997-imagecube-511040.fits,0.12998888668975755,0.20537903052643203,data/ASKAPJ1839-0756 /img_Stokes_V/cutout-1653246-imagecube-511068.fits,0.00394444444444444,0.00308333333333333,87.85
142,2025-07-26 14:20:54.200,75072,943.491,GSP,,,0.1844699450328036,0.1728854083224814,0.2654593279816967,data/ASKAPJ1839-0756 /img_Stokes_I/cutout-1652998-imagecube-511172.fits,0.019859349922521908,0.17536635873446085,data/ASKAPJ1839-0756 /img_Stokes_V/cutout-1653248-imagecube-511200.fits,0.00325,0.00297222222222222,66.29
136,2025-07-27 16:08:42.400,75087,943.491,GSP,,,0.22383006607566472,-0.534769678139216,0.43471869003837,data/ASKAPJ1839-0756 /img_Stokes_I/cutout-1652999-imagecube-511496.fits,0.21018206290241043,0.25447187664788995,data/ASKAPJ1839-0756 /img_Stokes_V/cutout-1653250-imagecube-511524.fits,0.00425,0.003,84.09
23,2025-07-28 11:29:41.400,75096,943.491,GSP,,,0.2141604769469962,0.07829240818060178,0.385986377716391,data/ASKAPJ1839-0756 /img_Stokes_I/cutout-1653000-imagecube-511772.fits,0.13597412682991336,0.23636629871413758,data/ASKAPJ1839-0756 /img_Stokes_V/cutout-1653252-imagecube-511800.fits,0.00455555555555556,0.00325,79.25
29,2025-07-28 17:56:52.200,75103,943.491,GSP,,,0.2265401677189637,0.8451372730880261,0.49151185938070596,data/ASKAPJ1839-0756 /img_Stokes_I/cutout-1653031-imagecube-511940.fits,-0.2015319342907995,0.2765913038060871,data/ASKAPJ1839-0756 /img_Stokes_V/cutout-1653255-imagecube-511968.fits,0.00597222222222222,0.00302777777777778,-70.11
81,2025-09-11 08:29:06.500,76741,887.491,GSP,1.8589999675750732,0.4350000023841858,0.25200000405311584,1.7458848812589636,0.4212366089689807,data/ASKAPJ1839-0756 /img_Stokes_I/cutout-1653032-imagecube-520421.fits,0.016990267983414593,0.23682499025171252,data/ASKAPJ1839-0756 /img_Stokes_V/cutout-1653256-imagecube-520449.fits,0.00475,0.00341666666666667,75.18
109,2025-09-11 15:02:45.700,76766,887.491,GSP,3.7160000801086426,0.4449999928474426,0.29899999499320984,3.850046858935476,0.7121583400001258,data/ASKAPJ1839-0756 /img_Stokes_I/cutout-1653033-imagecube-521429.fits,0.16391266721240055,0.34942797276353643,data/ASKAPJ1839-0756 /img_Stokes_V/cutout-1653271-imagecube-521457.fits,0.00652777777777778,0.00322222222222222,-69.74
96,2025-09-14 13:52:05.400,76845,887.491,GSP,3.6089999675750732,0.5090000033378601,0.3059999942779541,3.2868166453500613,0.557903098367968,data/ASKAPJ1839-0756 /img_Stokes_I/cutout-1653034-imagecube-523748.fits,-0.11677945204225262,0.2565528542110394,data/ASKAPJ1839-0756 /img_Stokes_V/cutout-1653272-imagecube-523776.fits,0.00525,0.0035,-84.9
135,2025-09-15 15:45:14.400,76903,887.491,GSP,13.946999549865723,0.7519999742507935,0.4180000126361847,12.191852715474763,1.2176778995935158,data/ASKAPJ1839-0756 /img_Stokes_I/cutout-1653035-imagecube-525630.fits,-0.2125977168034396,0.41489858426028325,data/ASKAPJ1839-0756 /img_Stokes_V/cutout-1653273-imagecube-525658.fits,0.011,0.00330555555555556,-66.65
39,2025-09-18 14:42:40.700,76973,887.491,GSP,13.359999656677246,0.4819999933242798,0.2770000100135803,13.120711982781451,0.7258930134321221,data/ASKAPJ1839-0756 /img_Stokes_I/cutout-1653036-imagecube-525666.fits,-0.25985372905982673,0.3173930924041185,data/ASKAPJ1839-0756 /img_Stokes_V/cutout-1653274-imagecube-525694.fits,0.00705555555555555,0.00341666666666667,-71.32
79,2025-09-19 10:06:15.600,76982,887.491,GSP,21.097000122070312,0.41600000858306885,0.24300000071525574,19.368152815212778,0.4259606782607808,data/ASKAPJ1839-0756 /img_Stokes_I/cutout-1653037-imagecube-525836.fits,0.7187225238471853,0.245747569167117,data/ASKAPJ1839-0756 /img_Stokes_V/cutout-1653275-imagecube-525864.fits,0.00375,0.00341666666666667,40.96
5,2025-09-21 07:52:49.000,77009,943.491,GSP,,,0.24234951538786506,0.09000207253158872,0.434667943272265,data/ASKAPJ1839-0756 /img_Stokes_I/cutout-1653038-imagecube-526801.fits,0.03589002194017616,0.24062286949772976,data/ASKAPJ1839-0756 /img_Stokes_V/cutout-1653276-imagecube-526829.fits,0.00480555555555556,0.00311111111111111,74.15
75,2025-09-21 13:44:22.300,77017,887.491,GSP,14.26099967956543,0.6880000233650208,0.4050000011920929,13.813896297553159,0.7545205692157313,data/ASKAPJ1839-0756 /img_Stokes_I/cutout-1653039-imagecube-526121.fits,-0.39980003914320045,0.34239536466084586,data/ASKAPJ1839-0756 /img_Stokes_V/cutout-1653277-imagecube-526149.fits,0.00561111111111111,0.00347222222222222,-81.22
82,2025-09-22 10:11:33.200,77046,943.491,GSP,,,0.18957089993794515,-0.2009983249450868,0.33831974218550137,data/ASKAPJ1839-0756 /img_Stokes_I/cutout-1653040-imagecube-526736.fits,-0.04300418499594971,0.2295952366248483,data/ASKAPJ1839-0756 /img_Stokes_V/cutout-1653278-imagecube-526764.fits,0.00352777777777778,0.00291666666666667,66.43
72,2025-09-25 08:00:05.500,77135,887.491,GSP,11.529999732971191,0.5109999775886536,0.29499998688697815,10.585015742607503,0.5013295393672901,data/ASKAPJ1839-0756 /img_Stokes_I/cutout-1653061-imagecube-527331.fits,-0.5325558169335588,0.308831083080438,data/ASKAPJ1839-0756 /img_Stokes_V/cutout-1653279-imagecube-527359.fits,0.00455555555555556,0.00377777777777778,-86.77
12,2025-09-26 09:48:09.900,77179,887.491,GSP,13.980999946594238,0.45500001311302185,0.26600000262260437,12.781235594456097,0.41026598555651916,data/ASKAPJ1839-0756 /img_Stokes_I/cutout-1653062-imagecube-527470.fits,-0.1787639477645654,0.2735525184444756,data/ASKAPJ1839-0756 /img_Stokes_V/cutout-1653280-imagecube-527498.fits,0.00375,0.00344444444444444,44.49
141,2025-09-27 11:36:52.400,77222,887.491,GSP,36.77000045776367,0.5960000157356262,0.3449999988079071,35.03943334526555,0.705531417172153,data/ASKAPJ1839-0756 /img_Stokes_I/cutout-1653063-imagecube-527544.fits,5.101250685589771,0.3850294414481987,data/ASKAPJ1839-0756 /img_Stokes_V/cutout-1653160-imagecube-527572.fits,0.00419444444444445,0.0035,74.07
104,2025-09-29 15:11:35.500,77285,943.491,GSP,6.4770002365112305,0.8119999766349792,0.4440000057220459,1.920685991680949,1.4043635680085513,data/ASKAPJ1839-0756 /img_Stokes_I/cutout-1653064-imagecube-528155.fits,-1.9993695079291445,0.6846426710978895,data/ASKAPJ1839-0756 /img_Stokes_V/cutout-1653165-imagecube-528183.fits,0.0126944444444444,0.00288888888888889,-67.28
90,2025-10-03 09:34:21.300,77407,887.491,GSP,8.019000053405762,0.37599998712539673,0.22300000488758087,7.300832294263898,0.3298745333846699,data/ASKAPJ1839-0756 /img_Stokes_I/cutout-1653065-imagecube-529633.fits,-0.33654213431097124,0.22467363007441113,data/ASKAPJ1839-0756 /img_Stokes_V/cutout-1653168-imagecube-529661.fits,0.00372222222222222,0.00341666666666667,40.41
42,2025-10-04 11:16:58.800,77450,887.491,GSP,18.256000518798828,0.5410000085830688,0.31299999356269836,17.14160632189121,0.6103213196224401,data/ASKAPJ1839-0756 /img_Stokes_I/cutout-1653066-imagecube-529950.fits,1.469504973572247,0.30373703564088705,data/ASKAPJ1839-0756 /img_Stokes_V/cutout-1653171-imagecube-529978.fits,0.00430555555555555,0.0035,74.89
65,2025-12-20 01:47:05.700,80464,887.491,GSP,,,0.2841573035541641,0.35453792372874077,0.5421584028489391,data/ASKAPJ1839-0756 /img_Stokes_I/cutout-1653067-imagecube-573009.fits,-0.025213154789671535,0.3269485975429205,data/ASKAPJ1839-0756 /img_Stokes_V/cutout-1653174-imagecube-573037.fits,0.00488888888888889,0.00361111111111111,68.69
69,2025-12-25 04:21:49.200,80597,887.491,GSP,,,0.33322969516069884,1.4360787197781202,0.5808951918882983,data/ASKAPJ1839-0756 /img_Stokes_I/cutout-1653068-imagecube-582662.fits,0.483832505607104,0.2907036281044981,data/ASKAPJ1839-0756 /img_Stokes_V/cutout-1653176-imagecube-582690.fits,0.00441666666666667,0.00358333333333333,-61.22
160,2025-12-27 01:29:58.300,80658,887.491,GSP,,,0.33329326421877853,1.0676014080794378,0.5480952024526509,data/ASKAPJ1839-0756 /img_Stokes_I/cutout-1653069-imagecube-578871.fits,0.18448351455831524,0.2707295101622697,data/ASKAPJ1839-0756 /img_Stokes_V/cutout-1653178-imagecube-578899.fits,0.00477777777777778,0.00372222222222222,75.08
22,2026-01-07 01:54:31.000,80915,887.491,GSP,,,0.36676949600257036,0.5970524148186781,0.6130684886203595,data/ASKAPJ1839-0756 /img_Stokes_I/cutout-1653070-imagecube-580351.fits,0.368470185917377,0.2982703905789347,data/ASKAPJ1839-0756 /img_Stokes_V/cutout-1653180-imagecube-580379.fits,0.00469444444444444,0.00366666666666667,-71.07
55,2026-01-14 01:41:21.400,81106,943.491,GSP,,,0.2651132279732856,0.25378786265580555,0.4662152699743641,data/ASKAPJ1839-0756 /img_Stokes_I/cutout-1653011-imagecube-582626.fits,0.02997853472922919,0.3119483082669914,data/ASKAPJ1839-0756 /img_Stokes_V/cutout-1653182-imagecube-582654.fits,0.0035,0.00302777777777778,79.15
131,2026-01-15 03:28:46.900,81132,943.491,GSP,,,0.24214296757376177,1.48537672752678,0.44103962307133304,data/ASKAPJ1839-0756 /img_Stokes_I/cutout-1653012-imagecube-582938.fits,0.09904036019445842,0.23723532854101362,data/ASKAPJ1839-0756 /img_Stokes_V/cutout-1653184-imagecube-582966.fits,0.00427777777777778,0.00338888888888889,-49.85
78,2026-01-17 00:38:25.700,81161,943.491,GSP,,,0.2746238483745678,0.8334538520997179,0.46676717469751283,data/ASKAPJ1839-0756 /img_Stokes_I/cutout-1653013-imagecube-583559.fits,-0.34501313520314386,0.2646683273845235,data/ASKAPJ1839-0756 /img_Stokes_V/cutout-1653177-imagecube-583587.fits,0.00483333333333333,0.00344444444444444,-73.72
139,2026-01-18 02:25:53.400,81194,943.491,GSP,1.6460000276565552,0.4009999930858612,0.25,1.1447313122293292,0.45936475544389466,data/ASKAPJ1839-0756 /img_Stokes_I/cutout-1653014-imagecube-583709.fits,0.20672890276955339,0.2728067967855512,data/ASKAPJ1839-0756 /img_Stokes_V/cutout-1653179-imagecube-583737.fits,0.00422222222222222,0.00338888888888889,-52.08
138,2026-01-19 23:35:25.800,81246,943.491,GSP,,,0.35156597399284456,-0.23232359048126702,0.7294520540037939,data/ASKAPJ1839-0756 /img_Stokes_I/cutout-1653015-imagecube-584363.fits,-0.08774533779207666,0.3178407185513559,data/ASKAPJ1839-0756 /img_Stokes_V/cutout-1653181-imagecube-584391.fits,0.00569444444444444,0.00347222222222222,85.83
4,2026-01-29 22:14:44.200,81569,943.491,GSP,1.5829999446868896,0.4189999997615814,0.2290000021457672,1.4465570562116545,0.4745582428835368,data/ASKAPJ1839-0756 /img_Stokes_I/cutout-1653016-imagecube-590940.fits,0.2957965595873769,0.2855904795012174,data/ASKAPJ1839-0756 /img_Stokes_V/cutout-1653183-imagecube-590968.fits,0.00580555555555556,0.00325,64.66
60,2026-02-01 01:48:29.400,81624,887.491,GSP,1.6770000457763672,0.4000000059604645,0.2630000114440918,1.3750088962169997,0.3777161715371634,data/ASKAPJ1839-0756 /img_Stokes_I/cutout-1653017-imagecube-591104.fits,-0.00767907743251147,0.22650302560055144,data/ASKAPJ1839-0756 /img_Stokes_V/cutout-1653185-imagecube-591132.fits,0.00377777777777778,0.00341666666666667,44.76
32,2026-02-01 21:11:45.500,81645,943.491,GSP,,,0.23944904433442626,-0.4703636252758002,0.6499668627412659,data/ASKAPJ1839-0756 /img_Stokes_I/cutout-1653018-imagecube-591140.fits,0.14084768049992105,0.39062982329329776,data/ASKAPJ1839-0756 /img_Stokes_V/cutout-1653186-imagecube-591168.fits,0.00852777777777778,0.00302777777777778,64.28
161,2026-02-05 22:52:54.700,81889,887.491,VAST,,,1.1343272992556883,-1.3494905845307776,2.239659898367754,data/ASKAPJ1839-0756 /img_Stokes_I/cutout-1653019-imagecube-594811.fits,1.8178870000655063,1.6370206996078414,data/ASKAPJ1839-0756 /img_Stokes_V/cutout-1653187-imagecube-594823.fits,0.00488888888888889,0.00341666666666667,73.31
147,2026-02-05 23:49:28.800,81893,887.491,VAST,,,0.391550722745173,0.019209934462707186,0.6922556534937357,data/ASKAPJ1839-0756 /img_Stokes_I/cutout-1653020-imagecube-594911.fits,-0.37618714166534,0.5045943679645548,data/ASKAPJ1839-0756 /img_Stokes_V/cutout-1653188-imagecube-594923.fits,0.0045,0.00338888888888889,82.44
155,2026-02-06 03:18:39.900,81907,887.491,VAST,,,1.1732571760645853,-5.0678989357117725,2.1207344864041904,data/ASKAPJ1839-0756 /img_Stokes_I/cutout-1653051-imagecube-594871.fits,-0.6282363498101295,1.463598089571003,data/ASKAPJ1839-0756 /img_Stokes_V/cutout-1653189-imagecube-594883.fits,0.00452777777777778,0.00322222222222222,84.8
76,2026-02-06 23:46:50.900,81993,887.491,VAST,,,0.39523205624391233,0.8325149261075446,0.7009308912862885,data/ASKAPJ1839-0756 /img_Stokes_I/cutout-1653052-imagecube-596617.fits,0.23874619273613357,0.4637778220524473,data/ASKAPJ1839-0756 /img_Stokes_V/cutout-1653190-imagecube-596629.fits,0.00447222222222222,0.00338888888888889,82.35
106,2026-02-07 22:55:59.600,82078,887.491,VAST,,,1.235471115265445,-0.3951441176955721,2.108820475634888,data/ASKAPJ1839-0756 /img_Stokes_I/cutout-1653053-imagecube-598117.fits,0.9940142529882281,1.651972397526723,data/ASKAPJ1839-0756 /img_Stokes_V/cutout-1653191-imagecube-598129.fits,0.00475,0.00344444444444444,77.19
71,2026-02-07 23:48:34.800,82082,887.491,VAST,,,0.39489950032880866,0.015173476654597874,0.7054233256302198,data/ASKAPJ1839-0756 /img_Stokes_I/cutout-1653054-imagecube-598177.fits,0.010125786434378302,0.48368768947672297,data/ASKAPJ1839-0756 /img_Stokes_V/cutout-1653192-imagecube-598189.fits,0.00444444444444444,0.00336111111111111,84.43
119,2026-02-08 01:27:56.800,82089,887.491,VAST,,,1.1839044510132055,-0.9013456387497166,1.9696580165423998,data/ASKAPJ1839-0756 /img_Stokes_I/cutout-1653055-imagecube-598517.fits,-0.5120359813500309,1.5808659776550567,data/ASKAPJ1839-0756 /img_Stokes_V/cutout-1653193-imagecube-598529.fits,0.00372222222222222,0.00322222222222222,80.11
63,2026-02-08 03:25:43.700,82097,887.491,VAST,,,0.5104509264436912,-1.4110125866599585,0.9244086815394676,data/ASKAPJ1839-0756 /img_Stokes_I/cutout-1653056-imagecube-599897.fits,-0.10729798054801876,0.6300707589758162,data/ASKAPJ1839-0756 /img_Stokes_V/cutout-1653194-imagecube-599909.fits,0.00447222222222222,0.00325,87.36
83,2026-02-09 02:09:19.600,82178,887.491,VAST,,,1.256031968028143,-3.7401891888681837,2.3716049390128573,data/ASKAPJ1839-0756 /img_Stokes_I/cutout-1653057-imagecube-599737.fits,-1.3255743595353995,1.797867372423699,data/ASKAPJ1839-0756 /img_Stokes_V/cutout-1653195-imagecube-599749.fits,0.00422222222222222,0.00316666666666667,80.79
46,2026-02-09 03:37:54.700,82184,887.491,VAST,,,0.4546401295133522,0.8896057761424055,0.9211652741037473,data/ASKAPJ1839-0756 /img_Stokes_I/cutout-1653058-imagecube-599517.fits,0.3940664985300867,0.5625366712546428,data/ASKAPJ1839-0756 /img_Stokes_V/cutout-1653196-imagecube-599529.fits,0.00494444444444444,0.00325,86.94
67,2026-02-12 02:19:14.500,82201,887.491,GSP,,,0.24799858772069186,0.1891637079684053,0.40718632594686555,data/ASKAPJ1839-0756 /img_Stokes_I/cutout-1653059-imagecube-600077.fits,0.18742625342670277,0.2491458879940157,data/ASKAPJ1839-0756 /img_Stokes_V/cutout-1653197-imagecube-600105.fits,0.00380555555555556,0.00319444444444444,80.28
99,2026-02-12 21:38:30.100,82222,887.491,GSP,,,0.2504770247931045,1.0333149973300502,0.5317229858608827,data/ASKAPJ1839-0756 /img_Stokes_I/cutout-1653060-imagecube-600342.fits,0.24824457512135223,0.3145263953520838,data/ASKAPJ1839-0756 /img_Stokes_V/cutout-1653198-imagecube-600370.fits,0.00566666666666667,0.00333333333333333,66.91
152,2026-02-16 03:02:11.500,82301,887.491,GSP,,,0.3652433414356333,0.49610037086227476,0.6484733436176358,data/ASKAPJ1839-0756 /img_Stokes_I/cutout-1653021-imagecube-600643.fits,0.05278594890464636,0.2719143831168095,data/ASKAPJ1839-0756 /img_Stokes_V/cutout-1653199-imagecube-600671.fits,0.00469444444444444,0.00325,87.49
91,2026-02-16 22:27:13.700,82310,943.491,GSP,,,0.205479611952044,0.3880689918438188,0.38548323697763526,data/ASKAPJ1839-0756 /img_Stokes_I/cutout-1653022-imagecube-600773.fits,0.10068858220565227,0.2401131969384631,data/ASKAPJ1839-0756 /img_Stokes_V/cutout-1653200-imagecube-600801.fits,0.00427777777777778,0.00319444444444444,83.26
132,2026-02-17 04:49:34.800,82319,887.491,GSP,,,0.3126123597761783,1.0477138155623622,0.7597265379814345,data/ASKAPJ1839-0756 /img_Stokes_I/cutout-1653023-imagecube-600842.fits,0.17455875136130536,0.35665992338629,data/ASKAPJ1839-0756 /img_Stokes_V/cutout-1653221-imagecube-600870.fits,0.007,0.00322222222222222,-68.73
80,2026-02-19 21:14:48.200,82386,887.491,GSP,,,0.236588984690623,0.02987414040311459,0.45481372647519996,data/ASKAPJ1839-0756 /img_Stokes_I/cutout-1653024-imagecube-601446.fits,0.16565974054513835,0.2719416807356056,data/ASKAPJ1839-0756 /img_Stokes_V/cutout-1653222-imagecube-601474.fits,0.00530555555555555,0.00327777777777778,67.75
27,2026-02-22 19:42:47.100,82458,943.491,pilot_science_too_guest,,,0.08097446058962822,-0.022016908545332985,0.14969682152496214,data/ASKAPJ1839-0756 /img_Stokes_I/cutout-1653025-imagecube-602135.fits,0.013729364029555534,0.06742313631225316,data/ASKAPJ1839-0756 /img_Stokes_V/cutout-1653223-imagecube-602143.fits,0.00404990561102996,0.00303064602387889,-68.9766619864731
44,2026-02-23 22:05:33.400,82486,887.491,GSP,,,0.2731474965597888,-0.053878528652864216,0.4821048652368547,data/ASKAPJ1839-0756 /img_Stokes_I/cutout-1653026-imagecube-602273.fits,-0.17254231937106912,0.267770553192089,data/ASKAPJ1839-0756 /img_Stokes_V/cutout-1653224-imagecube-602301.fits,0.00455555555555556,0.00338888888888889,84.05
40,2026-02-24 04:27:06.400,82501,943.491,GSP,,,0.21750216804016972,0.39792182047596647,0.4935181958101796,data/ASKAPJ1839-0756 /img_Stokes_I/cutout-1653027-imagecube-602349.fits,-0.29622920795438556,0.2820895339539086,data/ASKAPJ1839-0756 /img_Stokes_V/cutout-1653225-imagecube-602377.fits,0.00688888888888889,0.003,-68.61
47,2026-02-26 21:02:24.500,82579,887.491,GSP,,,0.2735783461048302,-0.8313104058729139,0.5299097966975761,data/ASKAPJ1839-0756 /img_Stokes_I/cutout-1653028-imagecube-602891.fits,-0.05209691979378936,0.3127506076640539,data/ASKAPJ1839-0756 /img_Stokes_V/cutout-1653226-imagecube-602919.fits,0.00513888888888889,0.00333333333333333,70.0
167,2026-03-01 00:37:13.400,82635,943.491,GSP,,,0.22469376333558078,0.8737723661330026,0.4201687581241547,data/ASKAPJ1839-0756 /img_Stokes_I/cutout-1653029-imagecube-603192.fits,-0.210496454126221,0.2543302380111578,data/ASKAPJ1839-0756 /img_Stokes_V/cutout-1653227-imagecube-603220.fits,0.00430555555555555,0.00319444444444444,-53.8
166,2026-03-05 01:22:07.400,82738,887.491,GSP,,,0.2976396779126572,-1.4040958908426933,0.5663656794067604,data/ASKAPJ1839-0756 /img_Stokes_I/cutout-1653030-imagecube-603369.fits,-0.05599539498285831,0.2909816217203352,data/ASKAPJ1839-0756 /img_Stokes_V/cutout-1653228-imagecube-603397.fits,0.00419444444444445,0.00316666666666667,81.69
14,2026-03-25 18:00:01.800,83139,887.491,GSP,,,0.3268896551084047,1.138325007608739,0.925419948855829,data/ASKAPJ1839-0756 /img_Stokes_I/cutout-1652974-imagecube-606798.fits,0.01251519690857916,0.4649853677019815,data/ASKAPJ1839-0756 /img_Stokes_V/cutout-1653229-imagecube-606826.fits,0.00911111111111111,0.00308333333333333,63.55
